Nombre del Producto,URL de la Imagen
,https://f.media-amazon.com/images/I/3191Y7EUAvL._MCnd_AC_.jpg
"Redragon M916 PRO - Mouse inalámbrico para juegos de 3 modos, 49G ultra ligero 26K DPI con construcción ergonómica de agarre natural, botones programables completos, software compatible con keybinds y",https://f.media-amazon.com/images/I/310BZ9XIJtL._MCnd_AC_.jpg
En el carrito,https://f.media-amazon.com/images/I/31c4vQe9LNL._MCnd_AC_.jpg
,https://f.media-amazon.com/images/I/31MMgnrncqL._MCnd_AC_.jpg
"Redragon M918 PRO - Mouse inalámbrico para juegos de 3 modos, 55G ligero 26K DPI Gamer Mouse con construcción ergonómica de agarre natural, botones programables completos, software compatible con",https://f.media-amazon.com/images/I/313epsQjtML._MCnd_AC_.jpg
En el carrito,https://f.media-amazon.com/images/I/31Nl96+3bXL._MCnd_AC_.jpg
,https://f.media-amazon.com/images/I/31YVsZPrYzL._MCnd_AC_.jpg
"Redragon M916 Mouse inalámbrico para juegos, 49G ultra ligero 8K DPI 2.4G mouse inalámbrico para juegos con construcción ergonómica de agarre natural, botones programables completos, software",https://f.media-amazon.com/images/I/31+saSWhrFL._MCnd_AC_.jpg
En el carrito,https://f.media-amazon.com/images/I/4189N8RLVYL._MCnd_AC_.jpg
,https://f.media-amazon.com/images/I/31H-GJo2zEL._MCnd_AC_.jpg
"Redragon M806 Bullseye - Mouse para juegos, 7 botones programables, con cable, RGB gamer, con construcción ergonómica de agarre natural, software compatible con keybinds y retroiluminación, color",https://f.media-amazon.com/images/I/31dHVsk8vKL._MCnd_AC_.jpg
En el carrito,https://f.media-amazon.com/images/I/31PB5xEjLiL._MCnd_AC_.jpg
,https://f.media-amazon.com/images/I/31N1BZUZLwL._MCnd_AC_.jpg
"RisoPhy Superlight - Mouse inalámbrico para juegos, 2.19 oz, doble interruptor macro, mouse para juegos, 3 modos inalámbrico/USB-C/Bluetooth con 12000 DPI ajustable, 5 botones programables, mouse de",https://f.media-amazon.com/images/I/21YIhb1Zn5L._MCnd_AC_.jpg
En el carrito,https://f.media-amazon.com/images/I/41ReUlqua9L._MCnd_AC_.jpg
,https://f.media-amazon.com/images/I/410-owI-rML._MCnd_AC_.jpg
"Redragon Ratón para juegos M612 PRO RGB, 8000 DPI con cable/inalámbrico ratón óptico con 9 botones programables y 7 modos retroiluminados, BT y 2.4G inalámbrico, software compatible con teclas DIY",https://f.media-amazon.com/images/I/31uyNiJjjyL._MCnd_AC_.jpg
En el carrito,https://f.media-amazon.com/images/I/41zEY42v1tL._MCnd_AC_.jpg
,https://f.media-amazon.com/images/I/41Jpat8718L._MCnd_AC_.jpg
"DeLUX M900PRO - Mouse inalámbrico para juegos, frecuencia de sondeo de 8000Hz, base de carga RGB, diseño ergonómico de 2.22 oz, sensor PAW3395 con 26000DPI, botones programables (blanco)",https://f.media-amazon.com/images/I/21QZkEJmTIL._MCnd_AC_.jpg
En el carrito,https://f.media-amazon.com/images/I/31RhRTh3FxL._MCnd_AC_.jpg
"Logitech G 305 LIGHTSPEED - Mouse inalámbrico para juegos, sensor Hero 12K, 12,000 DPI, ligero, 6 botones programables, duración de batería de 250 horas, memoria integrada, PC/Mac, color negro",https://f.media-amazon.com/images/I/31FHfWB9zeL._MCnd_AC_.jpg
En el carrito,https://f.media-amazon.com/images/I/41TanbAgpML._MCnd_AC_.jpg
"Logitech G502 HERO - Mouse para juegos de alto rendimiento con cable, sensor HERO 25K, 25,600 ppp, RGB, pesos ajustables, 11 botones programables, memoria integrada, PC / Mac",https://f.media-amazon.com/images/I/518YG4aQZ7L._MCnd_AC_.jpg
En el carrito,https://f.media-amazon.com/images/I/21VN-QxrIAL._MCnd_AC_.jpg
"Redragon M612 Predator RGB Mouse para juegos, 8000 DPI con cable óptico con 11 botones programables y 5 modos retroiluminados, software compatible con teclas de bricolaje botón de disparo rápido",https://f.media-amazon.com/images/I/31OIQLlojiL._MCnd_AC_.jpg
En el carrito,https://f.media-amazon.com/images/I/31IKrIUGyQL._MCnd_AC_.jpg
"Mouse para juegos Razer DeathAdder Essential: Sensor óptico 6400 DPI, 5 botones programables, interruptores mecánicos, agarres laterales de goma. Negro clásico.",https://f.media-amazon.com/images/I/311GY5G2biL._MCnd_AC_.jpg
En el carrito,https://f.media-amazon.com/images/I/31x9+o4UFdL._MCnd_AC_.jpg
"Redragon Mouse para juegos, mouse inalámbrico para juegos con 8000 DPI, ratones para juegos de PC con botón de fuego, mouse ergonómico programable con retroiluminación RGB, recargable, 70 horas para",https://f.media-amazon.com/images/I/41UoeTrrI0L._MCnd_AC_.jpg
En el carrito,https://f.media-amazon.com/images/I/31n4NFWkl4L._MCnd_AC_.jpg
Razer Basilisk V3 - Mouse ergonómico personalizable para juegos: el interruptor de mouse para juegos más rápido - Iluminación Chroma RGB - Sensor óptico de 26K DPI - 11 botones programables - Rueda de,https://f.media-amazon.com/images/I/31TIqz38BTL._MCnd_AC_.jpg
En el carrito,https://f.media-amazon.com/images/I/31EM0WMnrpL._MCnd_AC_.jpg
Razer Basilisk V3 X HyperSpeed Mouse inalámbrico para juegos: batería de hasta 285 horas - Sensor óptico de 18K - Interruptores mecánicos - Chroma RGB - 9 controles programables - Negro,https://f.media-amazon.com/images/I/31FJ4RmIMQL._MCnd_AC_.jpg
En el carrito,https://f.media-amazon.com/images/I/4184EPaOQAL._MCnd_AC_.jpg
"Logitech G 502 Lightspeed - Mouse inalámbrico para juegos con sensor Hero 25K, compatible con PowerPlay, pesos sintonizables y Lightsync RGB - Negro",https://f.media-amazon.com/images/I/41BE2yfZzGL._MCnd_AC_.jpg
En el carrito,https://f.media-amazon.com/images/I/31QmlovtDeL._MCnd_AC_.jpg
"Redragon - Mouse M908 Impact RGB LED MMO para videojuegos, 12 botones laterales, ergonómico, óptico, con cable, hasta 12,400 DPI, alta precisión, 20 macros de acceso directo programables, cómodo",https://f.media-amazon.com/images/I/311dO4dY1aL._MCnd_AC_.jpg
En el carrito,https://f.media-amazon.com/images/I/41w5WkvHMgL._MCnd_AC_.jpg
Logitech Ratón inalámbrico para juegos G 910-005270 Pro con rendimiento de grado eSports,https://f.media-amazon.com/images/I/21-Ky0dvtvL._MCnd_AC_.jpg
En el carrito,https://f.media-amazon.com/images/I/41mwSNNDkKL._MCnd_AC_.jpg
Logitech G203 RGB - Mouse cableado para videojuegos,https://f.media-amazon.com/images/I/31Ipv+QkGhL._MCnd_AC_.jpg
En el carrito,https://f.media-amazon.com/images/I/41LjDLnC8dL._MCnd_AC_.jpg
"TMKB Falcon M1SE - Mouse ultraligero para juegos de panal de abeja, sensor óptico de alta precisión de 12800 DPI, 6 botones programables, RGB personalizable, cuerda paracord, ergonómico, con cable,",https://f.media-amazon.com/images/I/31Anw2e1iSL._MCnd_AC_.jpg
En el carrito,https://f.media-amazon.com/images/I/31ELY9tAmfL._MCnd_AC_.jpg
"Mouse Pad Steelseries QcK para jugar, Negro xxL",https://f.media-amazon.com/images/I/31GYigGXJ9L._MCnd_AC_.jpg
En el carrito,https://f.media-amazon.com/images/I/41wm-L-MjIL._MCnd_AC_.jpg
"Logitech G PRO X SUPERLIGHT - Mouse inalámbrico para juegos, ultraligero, sensor HERO 25K, 25,600 DPI, 5 botones programables, batería de larga duración, compatible con PC / Mac, color negro",https://f.media-amazon.com/images/I/41IaWOFCDzL._MCnd_AC_.jpg
En el carrito,https://f.media-amazon.com/images/I/314QlpXgB7L._MCnd_AC_.jpg
"Razer Viper V3 Pro Wireless Esports Gaming Mouse simétrico, ligero de 1.94 oz, sondeo 8K, sensor óptico de 35 K DPI - Interruptores ópticos Gen3 - 8 botones programables - Batería de 95 horas - Blanco",https://f.media-amazon.com/images/I/21kTwivRrzL._MCnd_AC_.jpg
En el carrito,https://f.media-amazon.com/images/I/31ZkiD-sH1L._MCnd_AC_.jpg
"Corsair SCIMITAR RGB ELITE - Mouse para juegos MOBA, MMO - 18,000 DPI - 17 botones programables - Compatible con iCUE - Negro",https://f.media-amazon.com/images/I/41Zzgw4fQLL._MCnd_AC_.jpg
En el carrito,https://f.media-amazon.com/images/I/41gUJIDNIvL._MCnd_AC_.jpg
"BENGOO Ratón para juegos con cable, ergonómico para computadora portátil gamer, mouse óptico para computadora con retroiluminación RGB, 4 DPI ajustables hasta 3600, 6 botones programables para Windows",https://f.media-amazon.com/images/I/4189N8RLVYL._MCnd_AC_.jpg
En el carrito,https://f.media-amazon.com/images/I/31+saSWhrFL._MCnd_AC_.jpg
"Logitech G PRO X SUPERLIGHT 2 Lightspeed - Mouse inalámbrico, sondeo de 8 k, ligero, interruptores híbridos LIGHTFORCE, sensor HERO 2, 888 IPS, 44 000 DPI, 5 botones programables, carga USB-C, PC/Mac",https://f.media-amazon.com/images/I/31H-GJo2zEL._MCnd_AC_.jpg
En el carrito,https://f.media-amazon.com/images/I/31dHVsk8vKL._MCnd_AC_.jpg
"Redragon M810 Pro - Mouse inalámbrico para juegos, 10000 DPI con cable/inalámbrico con llave de fuego rápido, 8 botones macro, capacidad de alimentación confiable de 45 horas y retroiluminación RGB",https://f.media-amazon.com/images/I/31N1BZUZLwL._MCnd_AC_.jpg
En el carrito,https://f.media-amazon.com/images/I/31RhRTh3FxL._MCnd_AC_.jpg
Razer Viper V3 HyperSpeed - Mouse inalámbrico para juegos de deportes electrónicos: peso ligero de 2.89 oz - Batería de hasta 280 horas - Sensor óptico de 30 K DPI - Interruptores mecánicos Gen-2 - 8,https://f.media-amazon.com/images/I/31v4BuUrb5L._MCnd_AC_.jpg
En el carrito,https://f.media-amazon.com/images/I/31PB5xEjLiL._MCnd_AC_.jpg
"Redragon Mouse inalámbrico para juegos con retroiluminación RGB, 8000 DPI, con botón de fuego, edición macro programable, 70 horas para Windows/Mac, recargable, blanco, M910-WS",https://f.media-amazon.com/images/I/410-owI-rML._MCnd_AC_.jpg
En el carrito,https://f.media-amazon.com/images/I/41zEY42v1tL._MCnd_AC_.jpg
"Razer Ratón para juegos Cobra: 2.05 oz, interruptores ópticos Gen-3, iluminación Chroma RGB, sensor de 8500 DPI, pies de PTFE, cable Speedflex - Negro",https://f.media-amazon.com/images/I/21OLNTLo4KL._MCnd_AC_.jpg
En el carrito,https://f.media-amazon.com/images/I/31V80GSSTrL._MCnd_AC_.jpg
"Redragon Mouse para juegos, mouse para juegos con cable con retroiluminación RGB, 8000 DPI ajustable, mouse con 9 botones macro programables y botón de fuego, software compatible con teclas DIY,",https://f.media-amazon.com/images/I/41Jpat8718L._MCnd_AC_.jpg
En el carrito,https://f.media-amazon.com/images/I/31uyNiJjjyL._MCnd_AC_.jpg
"Redragon Ratón inalámbrico para juegos, triple modo 2.4G/USB-C/Bluetooth, 10000 DPI, retroiluminación RGB, totalmente programable, mouse inalámbrico recargable para computadora portátil, PC, Mac,",https://f.media-amazon.com/images/I/21YIhb1Zn5L._MCnd_AC_.jpg
En el carrito,https://f.media-amazon.com/images/I/31xGReF1uoL._MCnd_AC_.jpg
"Redragon Ratón inalámbrico para juegos, Tri-Mode 2.4G/USB-C/Bluetooth ergonómico, 8000 DPI, retroiluminación RGB, totalmente programable, mouse inalámbrico recargable para computadora portátil, PC,",https://f.media-amazon.com/images/I/518YG4aQZ7L._MCnd_AC_.jpg
En el carrito,https://f.media-amazon.com/images/I/41TanbAgpML._MCnd_AC_.jpg
"Redragon Ratón para juegos retroiluminado RGB - 8000 DPI, 9 botones programables, botón de disparo para Windows/Mac - Blanco",https://f.media-amazon.com/images/I/21VN-QxrIAL._MCnd_AC_.jpg
En el carrito,https://f.media-amazon.com/images/I/41ReUlqua9L._MCnd_AC_.jpg
"Razer Firefly Hard V2 RGB Gaming Mouse Pad: iluminación Chroma personalizable, gestión de cables integrada, control y velocidad equilibrados, base de goma antideslizante",https://f.media-amazon.com/images/I/31eIOxMQJcL._MCnd_AC_.jpg
En el carrito,https://f.media-amazon.com/images/I/31TwhqipRcS._MCnd_AC_.jpg
"TMKB Falcon M1SE - Ratón para juegos ultraligero en forma de panal de abeja, sensor óptico de alta precisión de 12800 DPI, 6 botones programables, RGB personalizable, cuerda paracord, mouse ergonómico",https://f.media-amazon.com/images/I/11t5ng7WbQL._MCnd_AC_.jpg
En el carrito,https://f.media-amazon.com/images/I/31vAFv+rbNL._MCnd_AC_.jpg
"Redragon Ratón para juegos, mouse para juegos con cable con sensor Opitacl de 26,000 DPI, mouse ergonómico con botón de fuego, ratón RGB programable de edición macro para laptap/PC/Mac",https://f.media-amazon.com/images/I/31uyNiJjjyL._MCnd_AC_.jpg
En el carrito,https://f.media-amazon.com/images/I/4189N8RLVYL._MCnd_AC_.jpg
"Redragon Ratón para juegos con cable, mouse ergonómico retroiluminado RGB de hasta 8000 DPI, 11 botones programables y 7 modos retroiluminados, botón de francotirador extra, mouse Gamer para jugadores",https://f.media-amazon.com/images/I/31GvqatqHEL._MCnd_AC_.jpg
En el carrito,https://f.media-amazon.com/images/I/41ReUlqua9L._MCnd_AC_.jpg
"TECKNET Mouse para juegos, mouse inalámbrico para juegos con 6 botones programables, retroiluminación RGB, mouse inalámbrico recargable de hasta 8000 DPI, edición macro, 70 horas para laptop, PC, Mac",https://f.media-amazon.com/images/I/41zEY42v1tL._MCnd_AC_.jpg
En el carrito,https://f.media-amazon.com/images/I/41diobRNnJL._MCnd_AC_.jpg
"JOMKIZ Patines de ratón más rápidos y suaves hechos de vidrio ultra impecable, kit de actualización de mouse suave Pro para mouse Logitech G Pro X Ultralight",https://f.media-amazon.com/images/I/31N1BZUZLwL._MCnd_AC_.jpg
En el carrito,https://f.media-amazon.com/images/I/11n1OjG-YIL._MCnd_AC_.jpg
Ratón ergonómico con cable para juegos de 5000 DPI Sensor óptico 8 botones RGB retroiluminado,https://f.media-amazon.com/images/I/31qvBZDgAEL._MCnd_AC_.jpg
En el carrito,https://f.media-amazon.com/images/I/41J4bIsMLmL._MCnd_AC_.jpg
"Mouse inalámbrico para juegos, mouse recargable de 2.4 GHz con 6 botones programables, 5 niveles de DPI, mouse de computadora para computadora portátil Windows Mac (blanco)",https://f.media-amazon.com/images/I/31IJjIQrMpL._MCnd_AC_.jpg
En el carrito,https://f.media-amazon.com/images/I/41rraGc+JTL._MCnd_AC_.jpg
Logitech G,https://f.media-amazon.com/images/I/410Nzc4oy5S._MCnd_AC_.jpg
"Logitech G Ratón inalámbrico para juegos 502 X Lightspeed - Interruptores óptico-mecánicos híbridos LIGHTFORCE, sensor de juego HERO 25K, compatible con PC, macOS/Windows, color blanco",https://f.media-amazon.com/images/I/41GZkylzSnL._MCnd_AC_.jpg
Logitech G,https://f.media-amazon.com/images/I/416QgkHILUL._MCnd_AC_.jpg
"Logitech G Ratón inalámbrico para juegos 502 X Lightspeed - Interruptores óptico-mecánicos híbridos LIGHTFORCE, sensor de juego HERO 25K, compatible con PC, macOS/Windows, color negro",https://f.media-amazon.com/images/I/41sPCaguzYL._MCnd_AC_.jpg
Razer,https://f.media-amazon.com/images/I/41i63pXCHML._MCnd_AC_.jpg
Razer DeathAdder V3 Pro Mouse para juegos: 2.22 oz ultra ligero - Sensor óptico Focus Pro 30K - Interruptores ópticos rápidos Gen-3 - HyperSpeed Wireless - 5 botones programables - Batería de 90 horas,https://f.media-amazon.com/images/I/41myb9kPyDL._MCnd_AC_.jpg
Razer,https://f.media-amazon.com/images/I/41vhJgBMG8L._MCnd_AC_.jpg
Razer Orochi V2 - Mouse inalámbrico móvil para juegos: ultraligero - 2 modos inalámbricos - Hasta 950 horas de duración de la batería - Interruptores mecánicos de mouse - Sensor óptico avanzado 5G de,https://f.media-amazon.com/images/I/41QPd2eiIaL._MCnd_AC_.jpg
Razer,https://f.media-amazon.com/images/I/41VbcAVM+2L._MCnd_AC_.jpg
"Razer Cobra Pro - Mouse inalámbrico para juegos: 10 controles personalizables - Iluminación Chroma RGB - Sensor óptico de 30 K - Interruptores Gen-3 - 2.4 GHz, Bluetooth y USB tipo C - Batería de",https://f.media-amazon.com/images/I/41uSmR8GodL._MCnd_AC_.jpg
Razer,https://f.media-amazon.com/images/I/41EckzKo9lL._MCnd_AC_.jpg
Razer Basilisk V3 Pro - Mouse inalámbrico personalizable para juegos: interruptores ópticos rápidos Gen-3 - Rueda inclinable HyperScroll - Chroma RGB - 11 botones programables - Sensor óptico Focus,https://f.media-amazon.com/images/I/41-OoSN3SxL._MCnd_AC_.jpg
Razer,https://f.media-amazon.com/images/I/41UQreEmadL._MCnd_AC_.jpg
Razer Basilisk V3 Pro Mouse inalámbrico para juegos: rueda de inclinación HyperScroll - Sensor óptico de 30K DPI - Interruptores ópticos Gen-3 - 13 zonas Chroma RGB - 13 controles programables - 3,https://f.media-amazon.com/images/I/41nfl-E-GRL._MCnd_AC_.jpg
Razer,https://f.media-amazon.com/images/I/41QMJc7fSJL._MCnd_AC_.jpg
Razer DeathAdder V3 Pro Mouse inalámbrico para juegos: 2.26 oz ligero ergonómico - Sensor óptico de 30K DPI - Interruptores ópticos Gen-3 - 8 controles programables - Batería de hasta 90 horas -,https://f.media-amazon.com/images/I/51F777ShQDL._MCnd_AC_.jpg
Razer,https://f.media-amazon.com/images/I/41u23-TuswL._MCnd_AC_.jpg
"Razer Gigantus v2 - Alfombrilla de mouse para juegos (3XL): espuma gruesa de alta densidad, base antideslizante, color negro clásico",https://f.media-amazon.com/images/I/410q51IoswL._MCnd_AC_.jpg
Razer,https://f.media-amazon.com/images/I/41fuDEQHu-L._MCnd_AC_.jpg
